,id,name
1426,0,Toutes catégories
240,3,Arts et divertissements
715,5,Informatique et électronique
396,7,Finance
785,8,Jeux
895,11,Maison et jardinage
1052,12,Marchés commerciaux et industriels
746,13,Internet et télécoms
580,14,Individus et société
27,16,Actualités
1327,18,Shopping
844,19,Justice et administrations
1396,20,Sports
854,22,Livres et littérature
82,23,Arts du spectacle
106,24,Design et arts visuels
991,25,Marketing et publicité
1020,28,Services de bureautique
481,29,Immobilier
692,30,Matériel informatique
1208,31,Programmation
664,32,Logiciels
152,33,Insolite
136,34,Films
209,35,Musique et audio
239,36,TV et vidéo
379,37,Banque
378,38,Assurance
750,39,Jeux de cartes
783,41,Jeux vidéo et informatiques
159,42,Jazz
332,43,Cadeaux en ligne
1350,44,Soins du corps et remise en forme
1187,45,Santé
923,46,Agriculture et sylviculture
327,47,Automobiles et véhicules
936,48,Construction et maintenance
957,49,Fabrication
1051,50,Transport et logistique
740,53,Hébergement Web et enregistrement de noms de domaine
549,54,Problèmes sociaux et militantisme
341,55,Rencontres
530,56,Groupes ethniques et identitaires
531,57,Associations caritatives et philanthropie
503,58,Éducation des enfants
568,59,Religions et croyances
352,60,Emploi
1302,61,Petites annonces
19,63,Météo
1225,64,Antiquités et objets de collection
472,65,Hobbies et loisirs
424,66,Animaux et animaux de compagnie
1425,67,Voyages
1300,68,Habillement
1315,69,Ressources pour les consommateurs
1235,70,Cadeaux et articles pour événements spéciaux
52,71,Alimentation et boissons
1276,73,Grands magasins et hypermarchés
373,74,Enseignement
826,75,Droit
805,76,Administrations
714,77,Technologies d'entreprise
630,78,Électronique grand public
542,82,Problèmes environnementaux
989,83,Services de marketing
1012,84,Optimisation du référencement et liens sponsorisés
316,89,Pièces et accessoires pour véhicule
604,91,Systèmes et composants stéréos
1345,93,Soin de la peau et des ongles
1338,94,Remise en forme
1009,95,Fournitures de bureau
473,96,Agences immobilières
1309,97,Défense et protection des consommateurs
1330,98,Collections et créateurs de mode
1232,99,Cadeaux
1233,100,Cartes de vœux et autres cartes
564,101,Spiritualité
338,102,Petites annonces pour rencontres
731,104,Fournisseurs d'accès Internet
216,105,Jeux en ligne
393,107,Investissements
1077,108,Ressources linguistiques
5,112,Actualités des TV et radios
527,113,"Lesbiennes, gays, bisexuels et transsexuels"
498,115,Hygiène et soin des nourrissons
1359,118,Sports aquatiques
419,119,Faune
862,120,Vaisselle et ustensiles de cuisine
47,121,Épiceries et magasins d'alimentation
46,122,Cuisine et recettes
1305,123,Produits du tabac
1281,124,Accessoires vestimentaires
894,137,Travaux manuels et décoration intérieure
249,138,Entretien des véhicules
1346,143,Soins du visage et du corps
1341,144,Épilation corporelle et faciale
1349,145,Thalassothérapie et soin du corps
1340,146,Soins capillaires
1329,147,Cosmétique et professionnels de la beauté
325,148,Véhicules tout terrain
493,154,Enfants et adolescents
907,157,Ressources humaines
893,158,Travaux d'intérieur
840,166,Sécurité publique
839,168,Services d'urgence
302,170,Permis et immatriculation des véhicules
528,171,Indiens d'Amérique
1224,174,Sciences
1410,179,Hôtels et hébergements
1393,180,Sports mécaniques
142,182,Humour
2,184,Actualités des célébrités et du monde du spectacle
1332,185,Mode et tendances
432,188,Clubs et vie nocturne
431,189,Clubs et associations
344,191,Services de forum et de chat
1162,195,Santé génésique
1154,198,Contraception
1163,202,Troubles de l'érection
1424,203,Voyages aériens
1411,205,Location de voitures et taxis
1400,206,Croisières et affrètements
1408,208,Destinations touristiques
1324,210,Vente de vidéos et DVD
238,211,Vidéo en ligne
133,213,Souvenirs cinématographiques
189,215,Radio
205,216,Instruments de musique
208,217,Vente de CD et audio
153,218,Arts et souvenirs musicaux
217,220,Musique en streaming et en téléchargement
663,224,Utilitaires logiciels
657,225,Pilotes de périphériques
666,226,Mémoire informatique
1271,227,Lecteurs MP3 et multimédias portables
627,228,Ordinateurs de poche et assistants personnels
623,229,Équipement TV et vidéo
308,230,Systèmes audio pour voiture
1223,231,Technologie et ingénierie
949,233,Énergie et services collectifs
1343,234,Maquillage et cosmétiques
1339,235,Calvitie
1335,236,Régimes amaigrissants
1141,237,Vitamines et compléments
1333,238,Chirurgie esthétique
1347,239,Tatouages & piercings
1336,241,Culturisme
1344,242,Parfums et fragrances
1342,244,Hygiène et articles de toilette
1184,245,Soins bucco-dentaires
1144,246,Ophtalmologie
1149,248,Pharmacie
377,249,Assurance maladie
1176,250,Hôpitaux et cliniques
1101,251,Équipements et appareils médicaux
1102,252,Fondations pour la santé et la recherche médicale
1104,253,Littérature et ressources médicales
1098,254,Éducation sanitaire et formation médicale
996,255,Produits pharmaceutiques et biotechnologie
1183,256,Services et établissements médicaux
1095,257,Abus de substances illégales ou toxiques
1364,258,Football américain
1360,259,Baseball
1366,260,Hockey
1386,261,Golf
1390,262,Sports de raquette
1354,263,Articles de sport
1361,264,Basketball
1373,265,Sports d'hiver
1067,268,Cartes géographiques
876,269,Jardinage et aménagement paysager
882,270,Mobilier de maison
858,271,Appareils ménagers
880,272,Lampes et luminaires
301,273,Motos
336,275,Partage de photos et vidéos
51,276,Restaurants
31,277,Boissons alcoolisées
385,278,Comptabilité et audit
391,279,Crédit et prêt
712,280,Services marchands et systèmes de paiement
427,284,Artisanat
954,287,Équipements et matériaux industriels
972,288,Industrie chimique
1043,289,Fret et transport routier
1041,290,Emballage
1037,291,Déménagement et installation
1326,292,Ventes aux enchères
444,293,Mariages
1363,294,Football
1362,296,Cricket
35,297,Cours de cuisine
576,298,Seniors et retraités
347,299,Communautés en ligne
218,301,Portails Web
744,302,Services Web
662,303,Systèmes d'exploitation
642,304,Navigateurs et clients Internet
1267,305,Télévisions
1254,306,Appareils photo et caméscopes
1251,307,Appareils photo
98,308,Caméscopes
669,309,Ordinateurs de bureau
671,310,Ordinateurs portables et notebooks
698,311,Mise en réseau
680,312,Périphériques pour ordinateur
655,313,Open Source
708,314,Sécurité informatique
706,315,Antivirus et protection contre les programmes malveillants
87,316,Bandes dessinées et animations
85,317,Dessins animés et mangas
83,318,Bandes dessinées
84,319,Dessins animés
213,320,Sites de classement de photos
337,321,Partage et hébergement de fichiers
442,323,Fleurs
439,324,Articles de fêtes et célébrations
742,326,Programmes d'affiliation
1013,327,Relations publiques
990,328,Télémarketing
1028,329,Services professionnels
904,330,Recrutement et gestion du personnel
903,331,Formation interne
965,332,Services documentaires et d'impression
1008,333,Mobilier d'entreprise
1000,334,Événements d'entreprise
999,335,Salons professionnels et conventions
902,336,Présentations commerciales et programmes d'action
1019,337,Gestion des infrastructures et des bureaux
901,338,Gestion
1022,340,Services de commerce électronique
709,341,Gestion de la relation clientèle (GRC)
711,342,Progiciels de gestion intégrés
710,343,Gestion des données
707,344,Sécurité réseau
694,346,Équipement réseau
693,347,Administration et surveillance des réseaux
1279,350,Pierres précieuses et bijoux
1307,352,Comparatifs de prix
1308,353,Critiques de produits et comparateurs de prix
1045,354,Import-export
847,355,Librairies
939,356,Défense et industrie aérospatiale
225,357,Feuilletons TV
234,358,Programmes et émissions TV
223,359,Chaînes et bouquets de télévision
111,360,Cinéma indien et pakistanais
1250,361,Équipement audio
628,362,Gadgets et appareils électroniques portables
433,364,Lotos et loteries
1310,365,Réductions et remises
812,366,Armée
355,367,Cours par correspondance
369,369,Formation professionnelle et continue
363,371,Enseignement primaire et secondaire
358,372,Écoles et universités
372,373,Tests d'admission et standardisés
1064,374,Ressources pédagogiques
1055,375,Bibliothèques et musées
1053,377,Annuaires professionnels et particuliers
478,378,Location de maisons et d'appartements
65,379,Accessoires et aliments pour animaux
422,380,Vétérinaires
780,381,Astuces et conseils pour jeux
723,382,Appareils mobiles et sans fil
734,383,Fournisseurs d'accès et opérateurs
733,384,Opérateurs de téléphonie
729,385,Équipement de communication
724,386,Chat vocal et vidéo
732,389,Cartes prépayées
722,390,Téléphones mobiles
745,392,Téléconférence
727,394,E-mail et messagerie
26,396,Politique
20,398,Campagnes et élections
496,400,Ascendance et généalogie
501,401,Grossesse et maternité
500,402,Camps de vacances
502,403,Puériculture
29,404,Bière
30,405,Vin
28,406,Alcool
18,408,Journaux
24,409,Politiques de droite
25,410,Politiques de gauche
851,412,Magazines
1147,418,Personnel infirmier
1135,419,Maladies
1112,420,Maladies de la peau
1159,421,Maladies sexuellement transmissibles
739,422,Conception et développement Web
821,423,Faillites
819,424,Droit pénal
476,425,Gestion immobilière
823,426,Propriété intellectuelle
822,427,Loi sur les accidents et les dommages aux personnes
1290,428,T-Shirts
1108,429,Cancer
1301,432,Jouets
1079,433,Histoire
588,434,Appareils électroniques et électriques
1188,435,Astronomie
1212,436,Mathématiques
1169,437,Santé mentale
315,438,Roues et pneus pour véhicules
467,439,Photographie et arts numériques
1194,440,Biologie
1218,441,Sciences de l'eau et océanographie
1197,442,Écologie et environnement
1214,443,Géologie
1213,444,Physique
1198,445,Équipement scientifique
1210,446,Institutions scientifiques
210,447,Divertissements Flash
550,448,Astrologie et arts divinatoires
565,449,Surnaturel et paranormal
1314,450,Services aux consommateurs
1312,451,Garanties et contrats de service
1142,456,Nutrition
1140,457,Régimes spéciaux et restrictifs
438,458,Cyclisme
403,459,Nautisme
397,461,Chasse et tir
399,462,Pêche
475,463,Évaluations et expertises immobilières
376,465,Assurance habitation
387,466,Crédit immobilier
375,467,Assurance auto
388,468,Financement auto
872,471,Désinsectisation et dératisation
874,472,Employés de maison
243,473,Achat de véhicules
1082,474,Sciences humaines
88,477,Architecture
736,485,Moteurs de recherche
646,486,Logiciels de graphisme et d'animation
678,487,Moniteurs et écrans d'ordinateur
695,488,Formats des données et protocoles
616,492,Lecteurs et enregistreurs vidéo
679,493,Périphériques d'entrée
1003,494,Imprimantes
675,495,Scanners
690,496,Stockage de données
653,497,Logiciels multimédia
640,498,Logiciels d'entreprise et de productivité
1138,499,Médecines douces et naturelles
1177,500,Physiothérapie
730,501,Fournisseurs d'accès au câble et au satellite
579,502,Sous-cultures et centres d'intérêt
469,503,Sous-culture gothique
346,504,Services et ressources de création de blogs
1195,505,Chimie
4,507,Actualités des journaux populaires et tabloïds
843,508,Services sociaux
575,509,Sciences sociales
1088,510,Statistiques démographiques
842,511,Services de conseil
1376,512,Lutte
1355,513,Jeux Olympiques
1377,514,Sports de combat
1375,515,Boxe
1374,516,Arts martiaux
1367,517,Rugby
1381,518,Athlétisme
1387,519,Gymnastique
1083,520,Économie
1087,521,Relations internationales
816,522,Droit de la famille
1054,527,Annuaires et répertoires
518,528,Sud-asiatiques et diasporas
343,529,Réseaux sociaux
1288,530,Sous-vêtements
1303,531,Portails d'achats en ligne et moteurs de recherche
631,532,Sonneries et accessoires pour téléphones mobiles
1090,533,Références
1368,534,Supporters
833,535,Respect de la loi
1155,536,Éducation et conseils sexuels
150,538,Insolite et extrême
110,539,Divertissement et infos diverses
846,540,Fan fiction
1383,541,Course et randonnée
400,542,Randonnées et camping
1086,543,Psychologie
339,546,Services matrimoniaux
513,547,Américains d'origine africaine
526,548,Latinos et latino-américains
516,549,Est-asiatiques et diasporas
522,550,Culture juive
995,551,Petites entreprises
993,552,Marketing multiniveau et opportunités commerciales
1380,554,Sports extrêmes
804,555,Visa et immigration
515,556,Arabes et Moyen-Orientaux
1348,557,Massothérapie
1157,558,Gynécologue obstétricien
1127,559,Pathologies cardiaques et hypertension
33,560,Boissons non alcoolisées
416,563,Animaux de compagnie
852,565,Poésie
1035,566,Textiles et non-tissés
589,567,Assistance technique
398,568,Équitation
77,569,Agendas et événementiel
1131,571,Troubles alimentaires
16,572,Informations locales
1256,573,Équipement photo et vidéo
212,574,Photothèques
221,575,Webcams et visites virtuelles
1317,576,Services photo et vidéo professionnels
650,577,Logiciels de photos et de vidéos
331,578,Thèmes graphiques et fonds d'écran
514,579,Africains et diasporas
517,580,Natifs des îles du Pacifique et d'Asie du Sud-Est
78,581,Danse
328,582,Blogs et sites personnels
168,585,Gospel et musique chrétienne
162,586,Musique classique
163,587,Musique country
157,588,Dance et musique électronique
160,589,Jazz et blues
199,590,Rock
181,591,Musique latino
173,592,Musique urbaine et hip-hop
185,593,Musiques du monde
955,606,Exploitation minière et métaux
53,607,Animaux exotiques
850,608,Livres numériques
1080,609,Mythes et folklore
306,610,Pick-up et véhicules tout terrain
1337,611,Yoga et Pilates
985,612,Industrie du divertissement et des loisirs
222,613,Supports en ligne
72,614,Billetterie
124,615,Films d'horreur
125,616,Films de science-fiction et fantastiques
191,617,Paroles et partitions
155,618,Concerts et spectacles musicaux
394,619,Pension et retraite
960,620,Gestion des risques
920,621,Production alimentaire
754,622,Jeux de rôles
1186,623,Vieillesse et soins gériatriques
1133,624,Maladie d'Alzheimer
1130,625,SIDA et VIH
1105,626,Allergies
1123,627,Asthme
1106,628,Arthrite
1129,629,Rhume et grippe
1113,630,Diabète
1110,631,Maux de tête et migraines
1122,632,Maladies infectieuses
1132,633,Troubles du sommeil
1175,634,Cabinets médicaux
1182,635,Procédures médicales
1164,636,Santé masculine
1128,638,RGO et troubles digestifs
1168,639,Stress et anxiété
1165,640,Dépression
1167,641,Difficultés d'apprentissage et troubles du développement
1166,642,Trouble déficitaire de l'attention et hyperactivité
1139,643,Problèmes de cholestérol
1172,644,Santé et sécurité au travail
1145,645,Pédiatrie
1148,646,Traitements et médicaments
1160,647,Stérilité
1152,648,Santé féminine
1146,649,Aide à domicile et soins de longue durée
933,650,Fournitures et matériaux de construction
934,651,Génie civil
927,652,Conseil et passation de marchés dans le secteur du bâtiment
93,653,Conception
90,654,Conception graphique
91,655,Conception industrielle et de produits
92,656,Décoration d'intérieur
944,657,Énergies renouvelables et alternatives
942,658,Compagnies d'électricité
948,659,Pétrole et gaz
946,660,Gestion des déchets
956,661,Automatisation industrielle
1036,662,Aviation
1038,663,Coursiers et services de distribution du courrier
1040,664,Distribution et logistique
1049,665,Transport maritime
1048,666,Transport ferroviaire
1050,667,Transports urbains
938,668,Technologie spatiale
937,669,Industrie de la défense
968,670,Produits agrochimiques
969,671,Produits d'entretien
970,672,Revêtements et adhésifs
971,673,Teintures et colorants
967,674,Plastiques et polymères
743,675,Statistiques et analyses Web
468,676,Science-fiction et fantastique
484,677,Besoins des personnes handicapées et besoins particuliers
456,678,Vacances et activités saisonnières
492,679,Centres d'intérêt des enfants
485,680,Centres d'intérêt des adolescents
529,681,Populations autochtones
524,682,Européens de l'Est
525,683,Européens occidentaux
1066,685,Circulation et transport public
935,686,Urbanisme et aménagement du territoire
479,687,Promotion immobilière
401,688,Activités de plein air
406,689,Surf et natation
1057,690,Biographies et citations
1063,691,Outils de calcul et de référence
1073,692,Dictionnaires et encyclopédies
1062,693,"Modèles, guides et formulaires"
1058,694,Contenus pour bricoleurs et utilisateurs expérimentés
1060,695,Heure et calendriers
1304,696,Produits de luxe
1283,697,Chaussures
1369,699,Volleyball
371,700,Ressources pédagogiques et éducatives
543,701,Droit du travail et de l'emploi
802,702,Royauté
545,703,Problèmes liés à l'emploi et au travail
830,704,Justice et criminalité
831,705,Produits et services de sécurité
841,706,Aide sociale et chômage
1419,707,Voyages d'aventure
1398,708,Bus et trains
668,717,Composants informatiques
1027,718,Sous-traitance
1010,719,Gestion des biens matériels
998,720,Contrôle qualité et suivi
900,721,Procédure commerciale
899,722,Planification stratégique
905,723,Rémunération et avantages sociaux
906,724,Services de paie
1018,725,Services d'écriture et de révision
1023,726,Services de sécurité et de prévention contre les incendies
994,727,Télétravail
681,728,Serveurs informatiques
688,729,Stockage réseau
703,730,Outils de développement
699,731,C et C++
1203,732,Java
1204,733,Langages de script
1207,734,Windows et .NET
659,735,Système d'exploitation Mac
658,736,Linux et Unix
660,737,Système d'exploitation Windows
691,739,Tuning et Modding PC
665,740,Cartes son et vidéo
667,741,Puces et processeurs
584,742,Composants électroniques
583,743,Appareils électromécaniques
585,744,Fibre optique et optoélectronique
582,745,Alimentation électrique
587,746,Tests et mesures
916,747,Aquaculture
918,748,Équipement agricole
921,749,Récoltes de céréales et graines
922,750,Sylviculture
919,751,Horticulture
917,752,Élevage de bétail
13,784,Actualités financières
6,785,Actualités en matière de technologie
458,786,Paintball
471,787,Télécommande par radio et modélisme
1189,788,Anatomie
360,791,Enseignement à domicile
362,792,Enseignement juridique
806,793,Anciens combattants
1242,794,GPS et navigation
940,799,Écoles de commerce
1011,800,Gestion des connaissances
896,801,Gestion de la chaîne d'approvisionnement
349,802,Métiers de développeur
317,803,Salons de l'automobile
654,804,Logiciels pédagogiques
651,805,Polices
324,806,Véhicules puissants et personnalisés
644,807,Logiciels Internet
641,808,Gestion de contenu
187,809,Podcasts
323,810,Véhicules hybrides et alternatifs
386,811,Cartes de paiement
390,812,Gestion des dettes
389,813,Financement des études
382,814,Change et devises
299,815,Marques automobiles
974,816,Fourniture d'équipements dans le secteur de la restauration
1107,817,Blessures
1125,818,Obésité
1111,819,Gestion de la douleur
251,820,Acura
252,821,Audi
254,822,BMW
256,823,Cadillac
1124,824,Maladies respiratoires
36,825,Cuisine végétarienne
257,826,Chevrolet
932,827,Portes et fenêtres
871,828,"Chauffage, ventilation et climatisation"
930,829,"Clous, vis et éléments de fixation"
931,830,Équipements et accessoires de plomberie
928,831,Bois et plastique
892,832,Revêtement de sol
258,833,Chrysler
259,834,Citroën
950,835,Alternateurs
260,836,Dodge
951,837,Équipements lourds
262,838,Fiat
952,839,"Vannes, tuyaux et raccords"
263,840,Ford
926,841,Commerce de détail
265,842,GMC
266,843,Honda
925,844,Équipements et technologie
268,845,Hyundai
271,846,Jeep
342,847,Applications et extensions pour réseaux sociaux
272,848,Kia
275,849,Lexus
276,850,Lincoln
278,851,Mazda
279,852,Mercedes-Benz
280,853,Mercury
282,854,Mitsubishi
284,855,Nissan
285,856,Peugeot
286,857,Pontiac
287,858,Porsche
288,859,Renault-Samsung
291,860,Saturn
292,861,Subaru
552,862,Bouddhisme
295,863,Toyota
556,864,Christianisme
297,865,Volkswagen
557,866,Hindouisme
298,867,Volvo
559,868,Islam
560,869,Judaïsme
551,870,Auto-assistance et motivation
423,882,Produits et services pour les animaux
548,883,Soins et protection des animaux
58,884,Oiseaux
54,885,Chats
56,886,Chiens
59,887,Poissons et aquariums
55,888,Chevaux
412,889,Lapins et rongeurs
415,890,Reptiles et amphibiens
74,891,Concerts et festivals de musique
192,892,Partitions
154,893,Bandes-son
80,894,Théâtre et arts dramatiques
141,895,Spectacles comiques
264,896,GM-Daewoo
290,897,Saab
296,898,Vauxhall-Opel
596,899,Consoles de jeux
1071,900,Références et fiches techniques dans le domaine de l'électronique
633,901,Gratuiciels et partagiciels
643,902,Serveurs proxy et systèmes de filtrage
395,903,Planification financière
392,904,Transactions sur matières premières et opérations à terme
959,905,Capital-risque
34,906,Bonbons et sucreries
45,907,Viennoiseries
42,908,Fruits et légumes
44,909,Viande et fruits de mer
43,910,Soupes et ragoûts
41,911,Cuisines du monde
37,912,Cuisine asiatique
38,913,Cuisine latino-américaine
39,914,Cuisine méditerranéenne
40,915,Cuisine nord-américaine
32,916,Thé et café
49,917,Guides gastronomiques
50,918,Restauration rapide
747,919,Jeux à pièces et jeux d'arcade
753,920,Jeux de plateau
751,921,Échecs et jeux de stratégie abstraits
752,922,Jeux de guerre et de stratégie
748,923,Jeux de cartes à collectionner
749,924,Poker et jeux de casino
771,925,Jeux d'aventure
779,926,Jeux grand public
773,927,Jeux de course automobile et de pilotage
772,928,Jeux de combat
774,929,Jeux de musique et de danse
778,930,Jeux de tir
775,931,Jeux de simulation
776,932,Jeux de sports
777,933,Jeux de stratégie
759,935,Jeux massivement multijoueurs
755,936,Jeux de société
784,937,Puzzles et casse-tête
758,938,Jeux de table
756,939,Billards
757,940,Tennis de table
1116,941,Maladies génétiques
1134,942,Troubles neurologiques
1180,943,Tests et examens médicaux
1179,944,Chirurgie
1103,945,Illustrations et photos médicales
1170,946,Empoisonnements et overdoses
838,947,Santé publique
870,948,Chambres et salles de bain
873,949,Services et articles de nettoyage
887,950,Outils électriques et de construction
863,951,Articles de cuisine et de repas
883,952,Piscines et spas
877,953,Jardins et terrasses
943,954,Énergie nucléaire
977,955,Industrie de l'accueil
976,956,Planification d'événements
975,957,Industrie de la restauration
374,958,Emploi et enseignement
351,959,Ressources et outils de planification de carrière
350,960,Offres d'emploi
348,961,CV et books
788,962,Ambassades et consulats
799,963,Pouvoir exécutif
800,964,Pouvoir législatif
792,965,Organisations multilatérales
790,966,Gouvernements nationaux et locaux
815,967,Droit constitutionnel et droits civiques
813,968,Loi sur la conduite en état d'ébriété
825,969,Services juridiques
824,970,Responsabilité du fait des produits
333,972,Mondes virtuels
520,973,Communautés expatriées
497,974,Adoption
562,975,Sceptiques et non-croyants
535,976,Droits génésiques
457,977,Occasions spéciales
334,978,Partage d'images et de photos
335,979,Partage de vidéos
1065,980,Références générales
1191,981,Faune et flore
1192,982,Génétique
1295,983,Vêtements de sport
1291,984,Vêtements confortables
1297,985,Vêtements pour enfants
1280,986,Sacs à main et porte-monnaie
1278,987,Montres
1284,988,Costumes
1286,989,Lunettes
1296,990,Vêtements habillés
1282,991,Chapeaux
1299,992,Vêtements pour hommes
1292,993,Vêtements d'extérieur
1294,994,Vêtements de nuit
1293,995,Vêtements de bain
1289,996,Uniformes et vêtements professionnels
1298,997,Vêtements pour femmes
1395,998,Sports virtuels
429,999,Aviation de loisirs
1391,1000,Sports individuels
1370,1001,Sports d'équipe
407,1002,Activités nautiques
1397,1003,Bagages et accessoires de voyage
1420,1004,Voyages à thème
1416,1005,Écotourisme
1405,1006,Sites et bâtiments historiques
1403,1007,Parcs régionaux et jardins publics
1402,1008,Parcs à thème
63,1009,"Zoos, aquariums et réserves"
1414,1010,Services et agences de voyages
1409,1011,Guides et carnets de voyages
356,1012,Crèches et jardins d'enfants
319,1013,Véhicules anciens
1068,1014,Guides citadins et locaux
353,1015,Associations et rassemblements d'anciens élèves
430,1016,Bowling
1365,1017,Handball
1413,1019,Séjours touristiques
169,1020,Musique religieuse
167,1021,Musique pop
165,1022,Musique expérimentale et industrielle
166,1023,Musique folk et traditionnelle
207,1024,Technologie et équipements musicaux
201,1025,"Équipements, ressources et services de DJ"
206,1026,Technologie d'enregistrement audio
193,1027,Références musicales
190,1028,Composition musicale et théories de la musique
170,1030,Rap et hip-hop
184,1031,Reggae et musique caribéenne
182,1032,Musique sud-asiatique
176,1033,Musique est-asiatique
175,1034,Musique arabe et moyen-orientale
194,1035,Hard-rock et rock progressif
195,1036,Métal (musique)
198,1037,Vieux classiques du rock
196,1038,Musique indie et alternative
172,1039,Soul et R&B
158,1040,Blues
197,1041,Punk (musique)
1238,1043,Nintendo
1239,1044,Sony PlayStation
1240,1045,Xbox
1237,1046,Consoles de jeux portables
138,1047,Comédies (films TV)
233,1048,Talk-shows
229,1049,Émissions de télé-réalité
231,1050,Jeux télévisés
236,1055,Spots TV
304,1056,Pick-up
305,1057,SUV
303,1058,Fourgons et fourgonnettes
253,1059,Bentley
255,1060,Buick
261,1061,Ferrari
267,1062,Hummers
270,1063,Jaguar
273,1064,Lamborghini
274,1065,Land Rover
277,1066,Maserati
281,1067,Mini
289,1068,Rolls-Royce
294,1069,Scion
293,1070,Suzuki
721,1071,Smartphones
126,1072,Films documentaires
1394,1073,Sports universitaires
1404,1074,Plages et îles
803,1075,Tribunaux et système judiciaire
1026,1076,Signalétique
15,1077,Actualités sportives
448,1078,Noël
447,1079,Halloween
474,1080,Annonces immobilières
480,1081,Propriétés de villégiature et multipropriété
1357,1082,Encadrement et entraînements sportifs
1226,1083,Produits dérivés et objets de collection dans le domaine du sport
1069,1084,Références géographiques
71,1085,Annuaires et programmes des salles de cinéma
115,1086,Festivals de cinéma
156,1087,Cours de musique
652,1088,PAO
648,1089,Logiciels de musique et audio
645,1090,Lecteurs audio et vidéo
200,1091,Bibliothèques de sons et samples
647,1092,Formats de fichiers audio et codecs
1081,1093,Philosophie
114,1094,Drames
137,1095,Comédies
128,1096,Films policiers et thrillers
122,1097,Films d'action et d'aventure
116,1098,Films muets
121,1099,Westerns
120,1100,Films de superhéros
119,1101,Films d'arts martiaux
117,1102,Films classiques
118,1103,Films cultes et indépendants
123,1104,Films d'animation
127,1105,Films musicaux
132,1106,Références cinématographiques
131,1107,Présentations et critiques de films
434,1108,Prix pour le cinéma et la télévision
632,1109,Applications et extensions pour mobiles
230,1110,Émissions TV pour la famille
227,1111,Programmes TV sur le milieu judiciaire et la délinquance
232,1112,Programmes TV de science-fiction et fantastique
983,1113,Prix musicaux
146,1114,Labels d'enregistrement
984,1115,Industrie musicale
145,1116,Industrie du cinéma et de la télévision
144,1117,Production TV et cinématographique
364,1118,Enseignement spécialisé
1406,1119,Stations de ski
1401,1120,Lacs et fleuves
544,1121,Syndicats et mouvement syndical
454,1122,Saint-Valentin
449,1123,Pâques
521,1124,Jours fériés juifs
455,1125,Thanksgiving
1388,1126,Skateboard et rollers
536,1127,Faim et pauvreté
512,1131,Famille et relations personnelles
505,1132,Famille
509,1133,Mariage
494,1134,Amitié
506,1135,Histoires d'amour
1056,1136,Archives publiques
1061,1137,Formulaires juridiques
962,1138,Finance d'entreprise
958,1139,Banque d'affaires
402,1140,Bateaux et embarcations
1222,1141,Robotique
737,1142,Outils en ligne et applications Web
1325,1143,Supports de divertissement
1320,1144,Location de supports de divertissement
1319,1145,Location de cassettes vidéo et DVD
782,1146,Vendeurs de jeux vidéo
244,1147,Avions personnels
1372,1148,Ski et snowboard
1371,1149,Patin à glace
1039,1150,Distribution de colis et de courriers
953,1152,Traitement des fluides
889,1153,Plomberie
1331,1155,Mode et mannequinat
617,1157,Systèmes home cinéma
1246,1158,Haut-parleurs
908,1159,Activités commerciales
961,1160,Prêts commerciaux
789,1161,Finances publiques
997,1162,Conseil
914,1163,Marchés financiers
912,1164,Actualités économiques
793,1165,Actualités fiscales
537,1166,Logement et développement
96,1167,Peinture
1219,1168,Sciences de la Terre
1215,1169,Paléontologie
716,1170,Accessoires Bluetooth
717,1171,Accessoires pour appareils sans fil et mobiles
108,1173,Jeux sur la mode et l'habillement
109,1174,Quizz divertissants et enquêtes décalées
886,1175,Couverture
966,1176,Impression et PAO
853,1177,Ressources pour rédacteurs
477,1178,Immobilier commercial et d'investissement
9,1179,Actualités des entreprises
139,1180,Humour politique
827,1181,Criminalité financière
728,1182,Équipement radio
849,1183,Littérature pour enfants
848,1184,Littérature classique
79,1185,Opéra
188,1186,Talk-show radio
235,1187,Références et guides TV
600,1188,Électronique automobile
599,1189,Systèmes vidéo pour voiture
978,1190,Industrie de l'automobile
1227,1191,Vélos et accessoires
591,1192,Accessoires électroniques
228,1193,Drames (films TV)
226,1194,Programmes TV sur l'univers médical
361,1195,Enseignement artistique
1356,1198,Compétitions sportives internationales
924,1199,Associations professionnelles et corporations
992,1200,Création d'entreprise
23,1201,Opinions et commentaires
22,1202,Enquêtes et sondages politiques
21,1203,Critiques et groupes de vigilance
17,1204,Journalisme et secteur de l'information
523,1205,Discrimination et relations identitaires
1392,1206,Courses automobiles illégales
1378,1207,Cascades et exploits dangereux
174,1208,Musique africaine
14,1209,Actualités internationales
1230,1210,Brocantes et marchés aux puces
1126,1211,ORL
318,1212,Scooters et cyclomoteurs
246,1213,Camping-cars et véhicules aménagés
321,1214,Véhicules commerciaux
1042,1215,Poids lourds et semi-remorques
314,1216,Moteurs et transmissions
311,1217,Extérieur automobile
313,1218,Intérieur automobile
1328,1219,Concours de beauté
1334,1220,Procédures cosmétiques
832,1221,Renseignement et anti-terrorisme
214,1222,Galeries d'images en ligne
330,1223,Clipart et GIF animés
1143,1224,Lunettes et lentilles de contact
1277,1225,Grossistes et liquidateurs
1193,1226,Neurosciences
1209,1227,Informatique
1287,1228,Services d'habillement
1200,1229,Cours d'informatique
426,1230,Arts textiles
504,1231,Noms de bébés et d'animaux de compagnie
888,1232,Peinture et produits de finition pour la maison
1072,1233,Références techniques
735,1234,Recherche de personnes
1092,1235,Stéroïdes et produits dopants
1153,1236,Amélioration des performances sexuelles
1093,1237,Tabac et arrêt du tabac
1137,1238,Nettoyage du corps et désintoxication
1136,1239,Acupuncture et médecine chinoise
910,1240,Résultats financiers des entreprises
7,1241,Fusions-acquisitions
171,1242,Reggaetón
81,1243,Théâtre musical et comédies musicales
140,1244,Satires et parodies
1423,1245,Navettes et stationnement dans les aéroports
445,1246,Carnaval et Mardi gras
807,1247,Armée de l'air
808,1248,Armée de terre
811,1249,Marine nationale
809,1250,Fusiliers marins
563,1251,Scientologie
1211,1252,Statistiques
1097,1253,Actualités de la santé
1217,1254,Sciences de l'atmosphère
1196,1255,Changement climatique et réchauffement de la planète
0,1256,Politique sanitaire
519,1257,Asiatiques et diasporas
567,1258,Traditions païennes et ésotériques
3,1259,Scandales et enquêtes
511,1260,Relations conflictuelles
507,1261,Divorces et séparations
1119,1262,Parasites et parasitoses
1181,1263,Vaccins et immunisations
1076,1264,Ressources relatives aux langues étrangères
1075,1265,Outils et ressources de traduction
365,1266,Étude des langues étrangères
1306,1267,"Caractéristiques, avis et comparatifs de véhicules"
242,1268,Consommation de carburant et prix de l'essence
312,1269,Huiles et carburants pour véhicules
446,1270,Fêtes et anniversaires
453,1271,Nouvel an
817,1272,Droit des affaires
75,1273,Événements sportifs
555,1274,Jours fériés chrétiens
558,1275,Jours fériés musulmans
435,1276,"Concours, prix et trophées"
670,1277,Tablettes PC
1190,1278,Insectes et entomologie
697,1279,RPV et accès distant
534,1280,Droits de l'Homme et libertés
546,1281,Questions relatives à la confidentialité
381,1282,Bourse et aides financières
384,1283,Planification fiscale et établissement de déclarations fiscales
829,1284,Prisons et centres éducatifs fermés pour délinquants
186,1285,Pop latino-américaine
180,1286,Salsa et musique tropicale
177,1287,Musique brésilienne
1078,1288,Histoire militaire
370,1289,Publications et conférences universitaires
490,1290,Jeux et activités pour la famille
129,1291,Films tous publics
856,1292,Petit électroménager
859,1293,Gros électroménager
248,1294,Codes de la route et règles de conduite
561,1296,Lieux de culte
696,1298,Informatique parallèle et distribuée
1199,1299,Apprentissage automatique et intelligence artificielle
1221,1300,CAO et FAO
538,1301,Mariage homosexuel
1085,1302,Études de communication
570,1303,Art oratoire
495,1304,Éthique-
404,1305,Plongée et activités sous-marines
1047,1306,Stationnement
945,1307,Recyclage
366,1308,Études à l'étranger
1313,1309,Programmes et cartes de fidélité
113,1310,Comédies romantiques
770,1311,Jeux d'action et de plate-forme
828,1312,Gangs et crime organisé
794,1313,Politique d'immigration et problèmes frontaliers
547,1314,Règles et lois relatives à la drogue
465,1315,Formats de fichiers vidéo et codecs
798,1316,Politique publique
300,1317,Microvoitures et citadines
685,1318,Lecteurs Flash et cartes mémoire
683,1319,Lecteurs de carte mémoire
682,1320,Disques durs
684,1321,Lecteurs et graveurs de CD et DVD
689,1322,Supports de stockage CD et DVD
687,1323,Récupération et sauvegarde des données
1270,1324,Lecteurs de livres électroniques
202,1325,Guitares
203,1326,Pianos et claviers
204,1327,Tambours et percussions
1115,1328,Maladies endocriniennes
1114,1329,Maladies thyroïdiennes
1007,1330,"Imprimantes, photocopieurs et télécopieurs"
1004,1331,Photocopieurs
1006,1332,Télécopieurs
1002,1333,Encre et toner
613,1334,Écrans et rétroprojecteurs
1399,1339,Covoiturage
566,1340,Théologie et étude des religions
383,1341,Logiciels de finances et comptabilité
769,1342,Émulation de jeux vidéo
781,1343,Médias et références sur le jeu
639,1344,Tableurs
638,1345,Logiciels de traitement de texte
637,1346,Logiciels de présentation
1044,1347,Garde-meubles
884,1348,Rangements et étagères
941,1349,Approvisionnement et traitement de l'eau
1094,1350,Traitement de l'alcoolisme et de la toxicomanie
1091,1351,Dépistage de l'alcoolisme et de la toxicomanie
483,1352,Technologies assistives
1099,1353,Équipement et accessoires de mobilité
1266,1354,TV HD
1263,1355,Téléviseurs à écran plasma
620,1356,Téléviseurs LCD
619,1357,Téléviseurs à rétroprojection
636,1358,Logiciels de planification et de calendrier
635,1359,Logiciels de gestion de projets
898,1360,Gestion de projets
95,1361,Fournitures pour l'artisanat d'art
891,1362,Tapis
879,1363,Horloges
864,1364,Buanderie
869,1365,Salle de bains
868,1366,Chambre
866,1367,Lits et têtes de lit
867,1368,Matelas
865,1369,Literie et linge de maison
878,1370,Canapés et chaises
857,1371,Purificateurs et filtres à eau
875,1372,Jardin d'enfants et salles de jeu
861,1373,Coutellerie et accessoires de découpe
499,1374,Bébés et tout-petits
964,1375,Cartes de visite et papeterie
1389,1376,Tennis
283,1377,Infiniti
269,1378,Isuzu
726,1379,SMS et messagerie instantanée
322,1380,Véhicules électriques et rechargeables
345,1381,Microblogs
661,1382,Systèmes d'exploitation pour mobile
461,1383,Objectifs pour appareils photo
1255,1384,"Jumelles, télescopes et appareils optiques"
786,1385,Achats et passation de marchés publics
791,1386,Lobbying
787,1387,Agences gouvernementales
367,1388,Formation et certification
1415,1389,Agritourisme
1418,1390,Visites touristiques
1417,1391,Oenotourisme
1412,1392,Offices du tourisme et syndicats d'initiative
612,1393,Décodeurs et magnétoscopes numériques
614,1394,Lecteurs et enregistreurs Blu-Ray
615,1395,Lecteurs et enregistreurs DVD
603,1396,Oreillettes
488,1397,Dessin et coloriage
